{
    "load_time": 19.17595601081848,
    "process_time": 552.0186679363251,
    "save_time": 0.0
}